id	signature	author	title	first_line	genre_subtitle	source.name	place	year	volume	number	section	page	type	translation	canon_or_not	meter	razmer	regularity	claus	rhyme	graphic_stanzas	stanza_model	stanza_type	other	Nlines	narrator	dir_speech
1	NA	Алексеев П.Ф.	Могила	Во сыром бору могила	баллада	Лирические стихотворения и сказки П. Ф. Алексеева	Дерпт	1840	NA	NA	NA	73-75	col	NA	periphery	Х	Х4	reg	жжмм	rhymed	TRUE	Х4AAbb	катрен	NA	44	heterodiegetic	TRUE
2	NA	Алексеев П.Ф.	Наяда	В серебре живом каскада	NA	Лирические стихотворения и сказки П. Ф. Алексеева	Дерпт	1840	NA	NA	NA	5	col	NA	periphery	Х	Х4	reg	жжмжжм	rhymed	FALSE	Х4AAbCCb	шестистишие	NA	12	homodiegetic	FALSE
3	NA	Алексеев П.Ф.	Разбойник	Ночь, чернее угля с сажей	NA	Лирические стихотворения и сказки П. Ф. Алексеева	Дерпт	1840	NA	NA	NA	76-77	col	NA	periphery	Х	Х4	reg	ж-м	rhymed	FALSE	unreg	вольная рифмовка	NA	42	heterodiegetic	TRUE
4	NA	Алексеев П.Ф.	Ночной ездок	Над безмолвною пустыней	баллада	Лирические стихотворения и сказки П. Ф. Алексеева	Дерпт	1840	NA	NA	NA	78-79	col	NA	periphery	Х	Х4	reg	жмжм	rhymed	TRUE	Х4AbAb	катрен	рефрен (строфы)	36	heterodiegetic	FALSE
5	NA	Демидов М. А.	Званые гости	Близ Ревеля рыцарь Гогаузен жил	NA	Дельные безделки. Стихотворения М. Демидова. В 2-х отд.	М.	1840	NA	NA	NA	41-44	col	NA	periphery	Ам	Ам4	reg	мм	rhymed	TRUE	Ам4aa	двустишие	NA	72	heterodiegetic	TRUE
6	NA	Долгоруков А. И.	Роковой удар	Чернело небо, меркнул свет	NA	Мои счастливейшие минуты в жизни. Стихотворения кн. Александра Ивановича Долгорукого	М.	1840	NA	NA	NA	71-72	col	NA	periphery	Я	Я4	reg	мжмж	rhymed	FALSE	Я4aBaB	четверостишие	NA	24	heterodiegetic	FALSE
7	NA	Долгоруков А. И.	***	Свищет ветер и бушует	романс	Мои счастливейшие минуты в жизни. Стихотворения кн. Александра Ивановича Долгорукого	М.	1840	NA	NA	NA	125-126	col	NA	periphery	Х	Х4	reg	жмжм	rhymed	TRUE	Х4AbAb	катрен	рефрен (строфы)	28	heterodiegetic	TRUE
8	NA	Фет А. А.	Похищение из гарема	Кто в ночи при луне открывает окно?	Баллады	Лирический пантеон А. Ф.	М.	1840	NA	NA	NA	10	col	NA	canon	Ан	Ан43	reg	мжмж	rhymed	TRUE	Ан43aBaB	катрен	NA	28	heterodiegetic	TRUE
9	NA	Фет А. А.	Замок Рауфенбах	На гранит ступает твердо	Баллады	Лирический пантеон А. Ф.	М.	1840	NA	NA	NA	11-13	col	NA	canon	Х	Х4	reg	жмжм	rhymed	FALSE	Х4AbAb	четверостишие	NA	72	heterodiegetic	FALSE
10	NA	Фет А. А.	Удавленник	Ужин сняли. Слава Богу	Баллады	Лирический пантеон А. Ф.	М.	1840	NA	NA	NA	13	col	NA	canon	Х	Х4	reg	жмжм	rhymed	TRUE	Х4AbAb	катрен	полурефрен	28	homodiegetic	FALSE
11	NA	Фет А. А.	Безумная	Ах! не плачь и не тужи	разд. Лирические стихотворения	Лирический пантеон А. Ф.	М.	1840	NA	NA	NA	14-15	col	NA	canon	Х	Х443	reg	ммжммж	rhymed	TRUE	Х443443aaBccB	шестистишие	NA	54	homodiegetic	FALSE
12	NA	Лермонтов М. Ю.	Русалка	Русалка плыла по реке голубой	NA	Стихотворения М.Лермонтова	СПб.	1840	NA	NA	NA	49-51	col	NA	canon	ТПА	Ам/Ан43	reg	мммм	rhymed	TRUE	Ам/Ан43aabb	катрен	NA	28	heterodiegetic	TRUE
13	NA	Лермонтов М. Ю.	Дары Терека	Терек воет, дик и злобен	NA	Стихотворения М.Лермонтова	СПб.	1840	NA	NA	NA	73-77	col	NA	canon	Х	Х4	reg	жмжм	rhymed	FALSE	Х4AbAb	четверостишие	NA	76	mixed	TRUE
14	NA	Лермонтов М. Ю.	Три пальмы	В песчаных степях аравийской земли	NA	Стихотворения М.Лермонтова	СПб.	1840	NA	NA	NA	53-55	col	NA	canon	Ам	Ам4	reg	ммжжмм	rhymed	TRUE	Ам4aaBBcc	шестистишие	NA	60	heterodiegetic	TRUE
15	М. Лермонтов	Лермонтов Ю. М.	Воздушный корабль	По синим волнам океана	NA	ОЗ	СПб.	1840	X	№5	III	1-3	per	J. C. von Zedlitz	canon	Ам	Ам3	reg	жмжм	rhymed	TRUE	Ам3AbAb	катрен	NA	72	heterodiegetic	FALSE
16	NA	Лермонтов М. Ю.	Казачья колыбельная	Спи, младенец мой прекрасный	NA	Стихотворения М.Лермонтова	СПб.	1840	NA	NA	NA	89-92	col	NA	canon	Х	Х43	reg	жмжмжмжм	rhymed	TRUE	Х43AbAbCdCd	восьмистишие	рефрен (перекрестная рифма) в конце строф	48	homodiegetic	TRUE
17	NA	Некрасов Н. А.	Ворон	Не шум домовых на полночном пиру	баллада	Мечты и звуки. Стихотворения Н.Н	СПб.	1840	NA	NA	NA	47-50	col	NA	canon	Ам	Ам43	reg	мжмжмжмжмм	rhymed	FALSE	Ам4343434344aBaBcDcDee	восьмистишие плюс двустишие	NA	88	heterodiegetic	TRUE
18	NA	Некрасов Н. А.	Рыцарь	Не жалобной чайки могильные крики	баллада	Мечты и звуки. Стихотворения Н.Н	СПб.	1840	NA	NA	NA	51-53	col	NA	canon	Ам	Ам4	reg	жмжм	rhymed	FALSE	Ам4AbAb	четверостишие	NA	56	heterodiegetic	TRUE
19	NA	Некрасов Н. А.	Водяной	Меня из-под солнца сманил Водяной	баллада	Мечты и звуки. Стихотворения Н.Н	СПб.	1840	NA	NA	NA	53-55	col	NA	canon	Ам	Ам43	reg	мжмжмжмжмм	rhymed	TRUE	Ам4343434344aBaBcDcDee	восьмистишие плюс двустишие	NA	50	heterodiegetic	TRUE
21	NA	[Н.И.]	Грусть по милом	Не роса жемчужна на луга падет	NA	Стихотворения Н.И.	М.	1840	NA	NA	NA	33-34	col	NA	periphery	Х	Х6ц.	reg	мм	rhymed	TRUE	Х6aa	двустишие	цезурн. наращения Х3д+Х3м	16	mixed	TRUE
23	NA	[Н.И.]	Мертвец	Поздно, ночью и одна	баллада	Стихотворения Н.И.	М.	1840	NA	NA	NA	65-69	col	NA	periphery	Х	Х4	reg	м-ж	rhymed	TRUE	unreg	свободные строфы	превалирует катрен с перекрестной рифм.	95	heterodiegetic	TRUE
24	NA	Папкевич А.	Цветы	Небывалая вина	Баллада из простонародного рассказа	Стихотворения А. Папкевича	СПб.	1840	NA	NA	NA	27-49	col	NA	periphery	Х	Х4	reg	ммжж	rhymed	FALSE	Х4aaBB	четверостишие	NA	382	heterodiegetic	TRUE
25	Иван Ваненко	Башмаков И. И.	***	По морю, по морю	NA	Песни русские Ивана Ваненко	М.	1841	NA	NA	NA	15-16	col	NA	BP	ПМФ	Д2+Ам2+Х3	unreg	д	unrhymed	TRUE	unreg	графически объединены 10 сторк	NA	30	heterodiegetic	TRUE
26	NA	Миньят Ю.	Бор	Глубоко, Бор, в память мне врезался ты	NA	Стихотворения воспитанника V класса Виленского дворянского института Юлия Миньята	Вильно	1841	NA	NA	NA	6-7	col	NA	periphery	Ам	Ам443443	reg	ммжммж	rhymed	TRUE	Ам443443aaBccB	шестистишие	NA	42	homodiegetic	FALSE
28	NA	Миньят Ю.	Русалка	Над озером рыбак стоял	NA	Стихотворения воспитанника V класса Виленского дворянского института Юлия Миньята	Вильно	1841	NA	NA	NA	37-38	col	NA	periphery	Я	Я4	reg	ж-м	rhymed	TRUE	unreg	пятистишие	превалирует AbAAb	35	heterodiegetic	FALSE
29	NA	Миньят Ю.	Альпийский охотник	Не желаешь ли весною	NA	Стихотворения воспитанника V класса Виленского дворянского института Юлия Миньята	Вильно	1841	NA	NA	NA	48-49	col	J. C. F. von Schiller	periphery	Х	Х4	reg	жмжмжж	rhymed	TRUE	Х4AbAbCC	шестистишие	NA	48	heterodiegetic	TRUE
30	NA	Миньят Ю.	Прощание	Прощай, прощай, моя краса!	NA	Стихотворения воспитанника V класса Виленского дворянского института Юлия Миньята	Вильно	1841	NA	NA	NA	48-49	col	NA	periphery	Я	Я43443	reg	мжммж	rhymed	TRUE	Я43443aBaaB	пятистишие	NA	25	heterodiegetic	TRUE
31	NA	Ростопчина Е. П.	Песни Трувера	Певец мой, приблизься!.. святых вдохновений	NA	Стихотворения гр. Е.Ростопчиной. Ч.1	СПб.	1841	NA	NA	NA	129-133	col	NA	BP	ПМК	Ам4+ЯВ	reg	жмжмжмжж	rhymed	TRUE	Ам4AbAbAbCC+ЯВ	восьмистишие +вольная рифмовка	NA	116	heterodiegetic	TRUE
32	NA	Соколова Т.	Сновиденье	Приснился мне ужасный сон	NA	Стихотворения Таисии Соколовой. Ч. 1	М.	1841	NA	NA	NA	30-31	col	NA	periphery	Я	Я4	reg	м-ж	rhymed	FALSE	unreg	вольная рифмовка	NA	44	homodiegetic	TRUE
33	NA	Соколова Т.	Рыбак	Поет Сирена молодая	NA	Стихотворения Таисии Соколовой. Ч. 1	М.	1841	NA	NA	NA	50-51	col	NA	periphery	Я	Я4	reg	жмжм	rhymed	TRUE	Я4AbAb	катрен	NA	24	heterodiegetic	TRUE
34	NA	Соколова Т.	Рассказ	Я ныне в страхе пробудилась	NA	Стихотворения Таисии Соколовой. Ч. 1	М.	1841	NA	NA	NA	67-69	col	NA	periphery	Я	Я4	reg	жмжм	rhymed	FALSE	Я4AbAb	четверостишие	NA	52	homodiegetic	TRUE
35	NA	Соколова Т.	Последнее свидание	Стояла дева молодая	NA	Стихотворения Таисии Соколовой. Ч. 1	М.	1841	NA	NA	NA	73-75	col	NA	periphery	Я	Я42	reg	жмжм	rhymed	FALSE	Я42AbAb	четверостишие	NA	64	heterodiegetic	FALSE
36	NA	Соколова Т.	Эдвин и Лора	Страстью отрадно	Баллада	Стихотворения Таисии Соколовой. Ч. 2	М.	1841	NA	NA	NA	169-182	col	NA	periphery	Д	Д2	reg	ж-м	rhymed	TRUE	unreg	вольная рифмовка с холостыми	NA	320	heterodiegetic	TRUE
38	Траум	Бочаров И. П.	Бесценный дар	Кто там, при бледном звезд сиянье	Баллада (Подражание Уланду)	Сын отечества	СПб.	1840	I	NA	I	300-301	per	L. Uhland	periphery	Я	Я4+Я6	reg	ж-м	rhymed	TRUE	Я4unreg+Я6aBBa	восьмистишие + катрен	NA	40	heterodiegetic	TRUE
39	NA	Бочаров И. П.	Золотое скудо	Эх, наш Вильгельм король скупой!	NA	Стихотворения И. Бочарова	СПб.	1841	NA	NA	NA	3-7	col	NA	periphery	Я	Я4	reg	м-ж	rhymed	TRUE	unreg	свободные строфы	превалирует катрен с перекрестной рифм.	116	heterodiegetic	TRUE
41	NA	Бочаров И. П.	У колыбели	Спи, малютка; спи, мой ангел	NA	Стихотворения И. Бочарова	СПб.	1841	NA	NA	NA	40-41	col	NA	periphery	Х	Х4	reg	ж	unrhymed	TRUE	unreg	unreg	неравное количество стихов в строфе, все женские окончания, кроме баюшки-баю (рефрен в конце строф)	35	mixed	FALSE
42	NA	Градцев А.Ф.	Черкес	Покинув Аулы, Черкес черноокий	NA	Цветы музы, сочинение Александра Градцева	СПб.	1842	NA	NA	NA	31-34	col	NA	periphery	ПМК	Ам4+Х43	reg	жмжм+мжмж	rhymed	FALSE	Ам4AbAb+Х43aBaB	четверостишие	NA	48	heterodiegetic	FALSE
43	NA	Ленский Д. Т.	Баллада	Уж солнца позднего лучами	баллада	Литературный кабинет. [Ч. 1 Ч. 2, Проза. Стихотворения] : Тр. артистов имп. моск. театров	М.	1842	NA	NA	NA	15-16	col	NA	BP	ПМК	Я4+Х4	reg	жмжм+жж	rhymed	TRUE	Я4AbAb+Х4CC	графически 12 строк+2 рефрен	рефрен в сконце строф Х4	42	heterodiegetic	FALSE
44	NA	Лермонтов М. Ю.	Любовь мертвеца	Пускай холодною землею	NA	Стихотворения М.Лермонтова Ч. 2	СПб.	1842	NA	NA	NA	215-217	col	NA	canon	Я	Я42	reg	жмжмжмжм	rhymed	TRUE	Я42AbAbCdCd	восьмистишие	NA	40	homodiegetic	FALSE
45	NA	Лермонтов М. Ю.	Соседка	Не дождаться мне видно свободы	NA	Стихотворения М.Лермонтова Ч. 2	СПб.	1842	NA	NA	NA	129-131	col	NA	canon	Ан	Ан3	reg	жжмм	rhymed	TRUE	Ан3AAbb	четверостишие	NA	36	homodiegetic	FALSE
47	NA	Любимов Н.	Кинжал	На мрамор холодный склонившись главой	NA	Стихотворения Николая Любимова	М.	1842	NA	NA	NA	42	col	NA	periphery	Ам	Ам4443	reg	мм/жж	rhymed	FALSE	unreg	двустишие	NA	10	heterodiegetic	FALSE
48	NA	Любимов Н.	Камилла и Эдвин	Ты не скрывай слезы своей	NA	Стихотворения Николая Любимова	М.	1842	NA	NA	NA	56-58	col	NA	periphery	Я	Я43	reg	жмжм	rhymed	TRUE	Я43AbAb	катрен	NA	52	heterodiegetic	TRUE
49	NA	Любимов Н.	Тень Конвалея	Завесили тучи свод ясный небес	Малороссийское предание	Стихотворения Николая Любимова	М.	1842	NA	NA	NA	59-61	col	NA	periphery	Ам	Ам442	reg	ммж	rhymed	TRUE	Ам442aaO	трехстишие	NA	42	heterodiegetic	FALSE
50	NA	Майков А. Н.	*** (LXXV)	Я знаю отчего у этих берегов	NA	Стихотворения Аполлона Майкова	СПб.	1842	NA	NA	NA	161	col	NA	canon	Я	Я6	reg	ммжж	rhymed	FALSE	Я6aaBB	двустишие	NA	12	heterodiegetic	FALSE
51	NA	Майков А. Н.	Мститель	Не пускайся в море сине	Скандинавская баллада	Стихотворения Аполлона Майкова	СПб.	1842	NA	NA	NA	149-153	col	NA	canon	ПМК	Х4+Я4-6	reg	ж-м	rhymed	FALSE	unreg	вольная рифмовка	NA	96	heterodiegetic	TRUE
52	NA	Молчанов Н.	Дитя	Ах, что с тобой	NA	Стихотворения Николая Молчанова : Т. 1	СПб.	1842	NA	NA	NA	121	col	NA	periphery	Я	Я2	reg	м	rhymed	FALSE	unreg	пятистишие гарфически	abab + один холостой стих	27	homodiegetic	TRUE
53	NA	Молчанов Н.	Виктор и Георгина или Урна в бору	Не узнает никто, я как сокол примчусь	NA	Стихотворения Николая Молчанова : Т. 1	СПб.	1842	NA	NA	NA	129-137	col	NA	periphery	Ан	Ан4	unreg	м	rhymed	FALSE	unreg	вольная рифмовка	NA	217	mixed	TRUE
54	NA	<Ступин Н.>	Жених-мертвец	Светит месяц за горою	Баллада	Стихотворения Н. С.	СПб.	1842	NA	NA	NA	3-12	col	NA	periphery	Х	Х4	reg	жмжм	rhymed	TRUE	Х4AbAb	катрен	NA	140	heterodiegetic	TRUE
55	NA	Румянцев Г.	Осетинец	Питомец гор, питомец воли	NA	Литературный кабинет. [Ч. 1 Ч. 2, Проза. Стихотворения] : Тр. артистов имп. моск. театров	М.	1842	NA	NA	NA	43-44	col	NA	periphery	ПМК	Я4+Х4	reg	ж-м	rhymed	FALSE	unreg	вольная рифмовка	NA	45	mixed	TRUE
56	NA	Воронов Н.	Песня	Меж гранитными скалами	NA	Стихотворения Николая Воронова за 1841 год.	СПб.	1842	NA	NA	NA	7-9	col	NA	periphery	Х	Х4	reg	жмжм	rhymed	TRUE	Х4AbAb	восьмистишие графически	NA	32	heterodiegetic	TRUE
57	NA	Воронов Н.	Я помню	Я помню ночь одну	NA	Стихотворения Николая Воронова за 1841 год	СПб.	1842	NA	NA	NA	31-32	col	NA	periphery	Я	Я3	reg	мммм	rhymed	TRUE	Я3abab	катрен	NA	24	homodiegetic	FALSE
58	NA	Колотенко Н.	Разрытая могила	Било полночь...Стук лопаты	NA	Стихотворения в Двух частях. Издал Н. Колотенко	Одесса	1843	NA	NA	NA	24-25	col	NA	periphery	Х	Х4	reg	жмжм	rhymed	FALSE	Х4AbAb	четевростишие	NA	36	heterodiegetic	FALSE
59	NA	<Токарев Г.А.>	Борджио	В поле мрачно, в поле черно	Баллада	Опечатки	М.	1843	NA	NA	NA	31-37	col	NA	periphery	ПМК	Х4+Ам5-6	reg	жмжм+ж-м	rhymed	FALSE	Х4AbAb+unreg	катрен+вольная рифмовка	NA	86	heterodiegetic	FALSE
60	NA	<Токарев Г.А.>	Гитара	Вот, закинув плащ широкий	NA	Опечатки	М.	1843	NA	NA	NA	39-41	col	NA	periphery	Х	Х4	reg	жмжм	rhymed	TRUE	Х4AbAb	катрен	NA	36	heterodiegetic	TRUE
61	NA	<Токарев Г.А.>	Кладбище	Ветер воет на кладбище	NA	Опечатки	М.	1843	NA	NA	NA	55-57	col	NA	periphery	Х	Х4	reg	жмжм	rhymed	TRUE	Х4AbAb	катрен	NA	44	heterodiegetic	TRUE
63	NA	Жмакин В.А.	Гирей	Полнеба тучами покрылось	Киевский рассказ	Часы досуга: Стихотворения В. Жмакина	Казань	1843	NA	NA	NA	43-51	col	NA	periphery	Я	Я4	reg	ж-м	rhymed	FALSE	unreg	четверостишие	AbAb/aBBa/AbbA	220	heterodiegetic	TRUE
64	NA	Анненкова В. Н.	Русалка	Был вечер, над синей рекой	NA	Для избранных: Стихотворения Варвары Анненковой	М.	1844	NA	NA	NA	199-201	col	NA	periphery	Ам	Ам3	reg	ммжж	rhymed	TRUE	Ам3aaBB (unreg)	свободные строфы	превалирует четверостишие aaBB	48	heterodiegetic	TRUE
65	NA	Анненкова В. Н.	Баллада. Югельский барон	До рассвета поднявшись, перо очинил	баллада	Для избранных: Стихотворения Варвары Анненковой	М.	1844	NA	NA	NA	193-195	col	NA	canon	Ан	Ан43	reg	мммм	rhymed	FALSE	Ан43abab	четверостишие	NA	44	heterodiegetic	TRUE
66	NA	Лермонтов М. Ю.	Незабудка	В старинны годы люди были	сказка	Стихотворения М.Лермонтова Ч. 4	СПб.	1844	NA	NA	NA	163-166	col	NA	canon	Я	Я4	reg	ж-м	rhymed	FALSE	unreg	вольная рифмовка	NA	62	heterodiegetic	TRUE
67	NA	Лермонтов М. Ю.	Сон	В полдневный жар в долине Дагестана	NA	Стихотворения М.Лермонтова Ч. 4	СПб.	1844	NA	NA	NA	133-134	col	NA	canon	Я	Я5	reg	жмжм	rhymed	TRUE	Я5AbAb	катрен	NA	20	homodiegetic	FALSE
68	М. Лермонтов	Лермонтов М. Ю.	Морская царевна	В море царевич купает коня	NA	ОЗ	СПб.	1843	XXVIII	№5	I	1-2	per	NA	canon	Д	Д4	reg	мм	rhymed	TRUE	Д4aa	двустишие	NA	34	heterodiegetic	TRUE
69	М. Лермонтов	Лермонтов М. Ю.	Тамара	В глубокой теснине Дарьяла	NA	ОЗ	СПб.	1843	XXVII	№4	I	229-230	per	NA	canon	Ам	Ам3	reg	жмжм	rhymed	TRUE	Ам3AbAb	катрен	NA	48	heterodiegetic	FALSE
70	NA	Полонский Я. П.	Рассказ волн	Я у моря, грусти полный	NA	Гаммы: Стихотворения Я.П. Полонского	М.	1844	NA	NA	NA	32-34	col	NA	canon	Х	Х4	reg	жм	rhymed	FALSE	unreg	четверостишие+двустишие	NA	52	homodiegetic	FALSE
71	NA	Суслов И.	Капрал	В селе, где Сосны быстрый ток	NA	Эхо берегов Сосны: Стихотворения И. Суслова. Ч.1	М.	1844	NA	NA	NA	119-127	col	NA	periphery	Я	Я4	unreg	мжмж	rhymed	TRUE	Я4aBaB	катрен	NA	168	heterodiegetic	TRUE
72	NA	Суслов И.	Ночной гость	Мрачной тайною лежала	NA	Эхо берегов Сосны: Стихотворения И. Суслова. Ч.2	М.	1844	NA	NA	NA	71-74	col	NA	periphery	Х	Х4	reg	жмжм	rhymed	TRUE	Х4AbAb	катрен	NA	68	heterodiegetic	TRUE
73	NA	Дараган М.	Ночлег	Я вблизи их стоял	NA	Заметки: Стихотворения М. Дарагана	Харьков	1845	NA	NA	NA	16	col	NA	periphery	Ан	Ан3-2	reg	мжмжм	rhymed	TRUE	Ан3-2aBaB	катрен	NA	16	homodiegetic	FALSE
74	NA	Дараган М.	Могила	Там, где в мрачном ущельи	NA	Заметки: Стихотворения М. Дарагана	Харьков	1845	NA	NA	NA	22-23	col	NA	periphery	ПМФ	Д3+Дк	unreg	unreg	unreg	TRUE	unreg	четверостишие	в основном жмжм, рифмуются строки м	36	heterodiegetic	TRUE
75	NA	Дараган М.	Старинная песня	Конь мой, конь	NA	Заметки: Стихотворения М. Дарагана	Харьков	1845	NA	NA	NA	28-29	col	NA	periphery	Эрр.	Х34 -> Дк	unreg	м-д	unrhymed	FALSE	unreg	unreg	NA	35	homodiegetic	FALSE
76	Эдуард Губер	Губер Э. И.	Мертвая красавица	Есть мучительные ночи —	NA	Русский вестник	СПб.	1841	Т.1	NA	NA	15-16	per	NA	BP	Х	Х4	reg	жмжм	rhymed	TRUE	Х4AbAb	катрен	NA	56	homodiegetic	FALSE
77	NA	[Без подписи]	Скальд	Потомок Одина	предание	Отрывки в стихах и прозе (изданы в пользу одного бедного благородного семейства)	СПб.	1845	NA	NA	NA	23-29	col	NA	periphery	ПМК	Ам2-4+Я4	reg	жмжм	unreg	FALSE	Я4AbAb+unreg	четверостишие+unreg	Ам стихи- перекрестная рифма, но есть отступления от рифмовки	124	heterodiegetic	TRUE
78	NA	Струговщиков А. Н.	Царь Фулы	Царь счастлив был подругой	Баллада и рассказ	Стихотворения Александра Струговщикова, заимствованные из Гете и Шиллера : Кн. 1.	СПб.	1845	NA	NA	NA	103-104	col	J. W. von Goethe	BP	Я	Я3	reg	жмжм	rhymed	TRUE	Я3AbAb	катрен	NA	24	heterodiegetic	FALSE
79	NA	Струговщиков А. Н.	Слуга-убийца	Завиден слуге господин	Баллада и рассказ	Стихотворения Александра Струговщикова, заимствованные из Гете и Шиллера : Кн. 1.	СПб.	1845	NA	NA	NA	108	col	L. Uhland	BP	Ам	Ам3	reg	мм	rhymed	TRUE	Ам3aa	двустишие	NA	12	heterodiegetic	FALSE
80	NA	Струговщиков А. Н.	Водворение прав	Старичок наш, голубчик, не бойся, войди	Баллада и рассказ	Стихотворения Александра Струговщикова, заимствованные из Гете и Шиллера : Кн. 1.	СПб.	1845	NA	NA	NA	109-114	col	J. W. von Goethe	BP	Ан	Ан443432233	reg	ммжмжммжж	rhymed	TRUE	Ан443432233aaBcBccDD	девятистишие	NA	108	heterodiegetic	TRUE
81	NA	Струговщиков А. Н.	Пляска мертвецов	При лунном сияньи, в ночной тишине	Баллада и рассказ	Стихотворения Александра Струговщикова, заимствованные из Гете и Шиллера : Кн. 1.	СПб.	1845	NA	NA	NA	117-119	col	J. W. von Goethe	BP	Ам	Ам4343443	reg	мжмжммж	rhymed	TRUE	Ам4343443aBaBccO	семистишие	NA	49	heterodiegetic	TRUE
82	NA	Аскоченский В. И.	Лурлеин утес	Режут молньи свод небесный	NA	Стихотворения В. Аскоченского	Киев	1846	NA	NA	NA	85-91	col	NA	periphery	ПМК	Х4+Ам2+Х2+Ам4+Х3+Я4	reg	ж-м	unreg	FALSE	unreg	unreg	NA	113	heterodiegetic	FALSE
83	NA	Аскоченский В. И.	Русская песня	Не ходи ко мне	NA	Стихотворения В. Аскоченского	Киев	1846	NA	NA	NA	130-133	col	NA	periphery	Псл	Псл	reg	м-д	unrhymed	FALSE	unreg	unreg	NA	74	homodiegetic	FALSE
84	NA	Григорьев А. А.	Из Гейне	Жил был старый король	NA	Стихотворения Аполлона Григорьева	СПб.	1846	NA	NA	NA	90-91	col	H. Heine	canon	ПМФ	Дк>Тк	reg	мжмж	rhymed	FALSE	Дк>Тк aBaB	четверостишие	NA	12	heterodiegetic	FALSE
85	NA	Плещеев А. Н.	Из Гейне***	Мне снилася дочь короля молодая	NA	Стихотворения А. Плещеева. 1845-1846.	СПб.	1846	NA	NA	NA	60	col	H. Heine	canon	Ам	Ам43	reg	жмжм	rhymed	FALSE	Ам43AbAb	четверостишие	NA	12	homodiegetic	TRUE
86	NA	Плещеев А. Н.	Из Гейне***	Все тихо…бледна из за тучи	NA	Стихотворения А. Плещеева. 1845-1846.	СПб.	1846	NA	NA	NA	61-62	col	H. Heine	canon	Ам	Ам3	reg	жмжм	unreg	FALSE	Ам3ObOb	четверостишие	NA	32	heterodiegetic	TRUE
87	NA	Плещеев А. Н.	Из Гейне***	Был старый король..(эту песню	NA	Стихотворения А. Плещеева. 1845-1846.	СПб.	1846	NA	NA	NA	69	col	H. Heine	canon	Ам	Ам3	reg	жмжм	unreg	FALSE	Ам3ObOb	четверостишие	NA	12	heterodiegetic	FALSE
88	NA	<Штукенберг А. И.>	Ожидание	Мятежные волны вздымает Эол	NA	Сибирские мелодии.	СПб.	1846	NA	NA	NA	48-49	col	NA	periphery	Ам	Ам4	reg	мм	rhymed	TRUE	Ам4aa	двустишие	NA	22	heterodiegetic	TRUE
89	NA	<Штукенберг А. И.>	Рыцарь Тогенбург	Рыцарь, нежною сестрою	NA	Сибирские мелодии.	СПб.	1846	NA	NA	NA	125-128	col	J. C. F. von Schiller	periphery	Х	Х43	reg	жмжм	rhymed	TRUE	Х43AbAb	восьмистишие графически	NA	80	heterodiegetic	TRUE
90	NA	<Штукенберг А. И.>	Альпийский стрелок	Ты постыл к всему родному	NA	Сибирские мелодии.	СПб.	1846	NA	NA	NA	131-133	col	J. C. F. von Schiller	periphery	Х	Х4	reg	жмжмжж	rhymed	TRUE	Х4AbAbCC	шестистишие	NA	48	heterodiegetic	TRUE
91	NA	Бороздна И. П.	Переяславец	Далеко ли далеко ли	NA	Лучи и тени: Новые стихотворения И. Бороздны, изд. им в пользу Чернигов. дет. приюта	М.	1847	NA	NA	NA	66-70	col	NA	periphery	Х	Х4	reg	жмжжм	rhymed	TRUE	Х4AbAAb	пятистишие	NA	80	mixed	TRUE
92	NA	Чернов П.	Кольцо красавицы	Она стоит, в венке из роз	NA	Стихотворения Платона Чернова (1845, 46 и 47).	СПб.	1847	NA	NA	NA	8-9	col	NA	periphery	Я	Я4	reg	мжмж	rhymed	TRUE	Я4aBaB	катрен	NA	36	heterodiegetic	FALSE
93	NA	Чернов П.	***	В бледной комнатке, невеста	NA	Стихотворения Платона Чернова (1845, 46 и 47).	СПб.	1847	NA	NA	NA	15-16	col	NA	periphery	Х	Х4	reg	ж-м	rhymed	FALSE	unreg	вольная рифмовка	NA	42	heterodiegetic	TRUE
94	NA	Чернов П.	Нищий	Вчера голодный по морозу	NA	Стихотворения Платона Чернова (1845, 46 и 47).	СПб.	1847	NA	NA	NA	21-22	col	NA	periphery	Я	Я4	reg	жмжм	rhymed	TRUE	Я4AbAb	катрен	NA	32	homodiegetic	FALSE
95	NA	Чернов П.	Рыцарь	Едет рыцарь в поле чистом	NA	Стихотворения Платона Чернова (1845, 46 и 47).	СПб.	1847	NA	NA	NA	23-24	col	NA	periphery	Х	Х4	reg	жмжм	rhymed	TRUE	Х4AbAb	катрен	NA	28	heterodiegetic	FALSE
96	NA	Глебов Л. И.	Смерть Олега	Окончив с вражьею землей	NA	Стихотворения 1845 и 1846 Леонида Глебова	Полтава	1847	NA	NA	NA	49-53	col	NA	periphery	Я	Я4	reg	мжмж	rhymed	FALSE	Я4aBaB	четверостишие	NA	106	heterodiegetic	TRUE
97	NA	Глебов Л. И.	Казачья песня	Берегись, не спи, казак	NA	Стихотворения 1845 и 1846 Леонида Глебова	Полтава	1847	NA	NA	NA	64	col	NA	periphery	Х	Х43	reg	мммм	unreg	TRUE	Х43obob	четверостишие	NA	16	heterodiegetic	FALSE
98	NA	Глебов Л. И.	Песня	Где ты, юность, где ты, радость?	NA	Стихотворения 1845 и 1846 Леонида Глебова	Полтава	1847	NA	NA	NA	76-78	col	NA	periphery	Х	Х43	reg	жмжм	unreg	TRUE	Х43ObOb	четверостишие	NA	48	homodiegetic	TRUE
99	NA	Глебов Л. И.	Воспоминание гусара	Все говорят, что бледен я	NA	Стихотворения 1845 и 1846 Леонида Глебова	Полтава	1847	NA	NA	NA	81-82	col	NA	periphery	Я	Я3	reg	дмдм	unreg	TRUE	Я3O'bO'b	четверостишие	NA	32	homodiegetic	FALSE
100	NA	Глебов Л. И.	Ямщик	Кони мчалися быстрой стрелой	NA	Стихотворения 1845 и 1846 Леонида Глебова	Полтава	1847	NA	NA	NA	100-103	col	NA	periphery	Ан	Ан3	reg	мммммммммм	rhymed	TRUE	Ан3ababcdcdee	десятистишие	NA	100	homodiegetic	TRUE
101	NA	[Н. Т.]	Ямщик	Туман на землю спускался	NA	Стихотворения / Н.Т.	М.	1847	NA	NA	NA	112-114	col	NA	periphery	Х	Х4	unreg	жмжм	rhymed	TRUE	Х4AbAb	катрен	NA	40	mixed	TRUE
102	NA	[Н. Т.]	Беда	Конь борзый скакал	NA	Стихотворения / Н.Т.	М.	1847	NA	NA	NA	119-125	col	NA	periphery	ТПА	Ам2+Д2	unreg	м-ж	rhymed	FALSE	unreg	четверостишие	перекрестная рифмовка, но клаузулы неурег.	140	heterodiegetic	TRUE
103	NA	Дуров Н.	Баллада	Уж полночь пробило на башне высокой	баллада	Стихотворения Николая Дурова	Воронеж	1848	NA	NA	NA	20-21	col	NA	periphery	Ам	Ам4	unreg	жмжм	unreg	FALSE	Ам4AbAb	четверостишие	в конце отклонения от перекр. рифмовки	53	heterodiegetic	TRUE
104	NA	Голишев Н.	Георг и Людмила	Бронею рыцарской покрытый	Баллада	Военный досуг : Стихотворения Николая Голишева	М.	1848	NA	NA	NA	34-38	col	NA	periphery	Я	Я4	reg	жмжм	rhymed	TRUE	Я4AbAb	двенадцатистишие графически	NA	120	heterodiegetic	TRUE
105	NA	Голишев Н.	Тревога ревности	Иван! седлай скорей коня	NA	Военный досуг : Стихотворения Николая Голишева	М.	1848	NA	NA	NA	46-48	col	NA	periphery	Я	Я4	reg	мм	rhymed	TRUE	Я4aa	двустишие	NA	42	homodiegetic	FALSE
106	Елисавета Шахова	Шахова Е. М.	Два сна	Мой друг! я видел страшный сон	Баллада-фантазия	Современник	СПб.	1841	XXIV	NA	VII	67-69	per	NA	periphery	Я	Я4	reg	м-ж	rhymed	FALSE	unreg	вольная рифмовка	NA	97	mixed	TRUE
107	NA	Фет А. А.	Змей	Чуть вечернею росою	Баллады/ ПСС баллады	Стихотворения А.Фета	М.	1850	NA	NA	NA	98	col	NA	canon	Х	Х4	reg	жмжм	unreg	FALSE	Х4ObOb	четверостишие	отклонения от рифмы в нечетных строках	16	heterodiegetic	FALSE
108	NA	Фет А. А.	Сильфы	Ночную фиалку лобзает Зефир	Баллады	Стихотворения А.Фета	М.	1850	NA	NA	NA	98	col	NA	canon	Ам	Ам43	reg	мммм	rhymed	TRUE	Ам43abab	катрен	NA	20	heterodiegetic	FALSE
109	А. Фетъ	Фет А. А.	Баллада	Почти ребенком я была	Баллады/ ПСС баллады	ОЗ	М.	1843	XXVI	№1	I	212	per	NA	canon	Я	Я43	reg	мммм	unreg	FALSE	Я43obob	четверостишие	NA	40	homodiegetic	TRUE
110	NA	Фет А. А.	Метель	Ночью буря разозлилась	Баллады	Стихотворения А.Фета	М.	1850	NA	NA	NA	100	col	NA	canon	Х	Х4	reg	жжмжжм	rhymed	TRUE	Х4AAbCCb	шестистишие	NA	54	heterodiegetic	TRUE
111	А. Фет	Фет А. А.	Дозор	Из беседки садовой воевода багровой	Украинская баллада	ОЗ	СПб.	1846	XLV	№3	I	44-45	per	A. Mickiewicz	canon	Ан	Ан43	unreg	жжжж	unreg	TRUE	Ан43OBOB	катрен	цезурн. наращения, внутр. рифма в нечетных строках	56	heterodiegetic	TRUE
112	NA	Фет А. А.	Геро и Леандр	Бледен лик твой, бледен, дева!	Баллады/ ПСС баллады	Стихотворения А.Фета	М.	1850	NA	NA	NA	103	col	NA	canon	Х	Х4	reg	жжмжжм	rhymed	FALSE	Х4AAbCCb	шестистишие	NA	36	mixed	FALSE
113	А. Фет	Фет А. А.	Няня	Спать пора, свеча сгорела	Баллады/ ПСС баллады	ОЗ	СПб.	1847	LII	№5	I	196	per	NA	canon	Х	Х4	reg	жмжм	rhymed	FALSE	Х4AbAb	четверостишие	NA	32	homodiegetic	FALSE
114	NA	Фет А. А.	***	На дворе не слышно вьюги	Баллады/ ПСС баллады	Подземные ключи	М.	1842	NA	NA	NA	80	col	NA	canon	Х	Х4	reg	жмжм	rhymed	FALSE	Х4AbAb	четверостишие	NA	24	heterodiegetic	TRUE
115	А…Фетъ	Фет А. А.	Сказание	Вдоль по берегу полями	Баллады/ ПСС баллады	Москвитянин	М.	1843	ч.3	№6	NA	334	per	NA	canon	Х	Х43	reg	жмжм	rhymed	FALSE	Х43AbAb	четверостишие	NA	48	heterodiegetic	TRUE
116	NA	Фет А. А.	Горная идиллия	На горе стоит избушка	NA	Стихотворения А.Фета	М.	1850	NA	NA	NA	180-181	col	H. Heine «Berg-Idylie»	canon	Х	Х4	reg	жмжм	rhymed	TRUE	Х4AbAb	катрен	NA	44	heterodiegetic	TRUE
117	NA	Фет А. А.	Лихорадка	Няня, что-то все не сладко!	1850разд. Разные стихотворения/Баллады ПСС	Стихотворения А.Фета	М.	1850	NA	NA	NA	160	col	NA	canon	Х	Х4	reg	жмжм	rhymed	TRUE	Х4AbAb	катрен	NA	24	homodiegetic	TRUE
118	А. Фет	Фет А. А.	Видение	Не ночью, не лживо	1850разд. Разные стихотворения/ Баллады ПСС	Москвитянин	М.	1843	NA	№10	NA	290	col	NA	canon	Ам	Ам23	reg	жжжж	rhymed	FALSE	Ам23ABAB	четверостишие	NA	16	heterodiegetic	FALSE
119	NA	[Г. Г. Р.]	***	Когда в необъятное, дальнее море	NA	Стихотворения Г.Г.Р. Т.I	Одесса	1850	NA	NA	NA	5-6	col	NA	periphery	Ам	Ам4	reg	жмжм	rhymed	TRUE	Ам4AbAb	катрен	NA	16	homodiegetic	FALSE
120	NA	[Г. Г. Р.]	***	С спокойного берега в волны реки	NA	Стихотворения Г.Г.Р. Т.I	Одесса	1850	NA	NA	NA	38-39	col	NA	periphery	Ам	Ам43	reg	мжмж	rhymed	TRUE	Ам43aBaB	катрен	NA	20	heterodiegetic	FALSE
121	NA	Неудачев И.	Почтарь	Ехал я...грустно в дороге	NA	Стихотворения Иосафа Неудачева	Киев	1850	NA	NA	NA	7-9	col	NA	periphery	ТПА	Д3+Ам3+Ам4+Ан3	unreg	ж-м	rhymed	FALSE	unreg	четверостишие	перекрестная рифмовка, но клаузулы неурег.	66	homodiegetic	TRUE
122	Аксаков	Аксаков К. С.	Ночное посещение.	Милая, что так поздно?	NA	Одесский альманах на 1840 год	Одесса	1840	NA	NA	NA	565—566	per	F. G. Wetzel	BP	ПМФ	Я3+Я4	unreg	мммм	rhymed	TRUE	Я4aabb	четверостишие с обрамлением	NA	30	mixed	FALSE
123	А. Кольцов	Кольцов А. В.	Русская песня	Говорил мне друг, прощаючись	NA	ОЗ	СПб.	1840	IX	№4	III	212	per	NA	canon	Х	Х4	reg	д	unrhymed	TRUE	unreg	четверостишие графически	NA	24	homodiegetic	TRUE
124	А. В. Кольцов	Кольцов А. В.	Хуторок	За рекой, на горе	NA	ОЗ	СПб.	1840	VIII	№1	III	82-84	per	NA	canon	Ан	Ан2	reg	мммм	unreg	TRUE	Ан2obob	четверостишие	рифма в четных строках с отклонениями	92	heterodiegetic	TRUE
126	В. Красов	Красов  В. И.	Разлука	Пронесется ли буря мятежная	NA	ОЗ	СПб.	1840	IX	№3	III	3-4	per	NA	BP	Ан	Ан3	reg	дмдм	rhymed	FALSE	Ан3A'bA'b	четверостишие	NA	36	heterodiegetic	FALSE
127	В. Красов	Красов В. И.	Клара Моврай	Кто скачет, кто мчится на белом коне	NA	Киевлянин (в сборнике Поэты кружка Станкевича)	Киев	1840	I	NA	NA	124-126	per	NA	BP	Ам	Ам4-3	reg	мжмж	rhymed	TRUE	Ам4-3aBaB	восьмистишие графически	NA	56	heterodiegetic	FALSE
128	—ва—	Павлова К. К.	Песня	Красив Бригнала брег крутой	NA	ОЗ	СПб.	1840	X	№5	III	3-4	per	W. Scott	BP	Я	Я43	reg	мммм	rhymed	TRUE	Я43abab	катрен	NA	60	heterodiegetic	TRUE
129	К. Айбулат	Айбулат К. М.	Одалиска	Ты мной любима одалиска!	NA	ОЗ	СПб.	1841	XVI	№5	III	92	per	NA	periphery	Я	Я4	reg	ж-м	rhymed	FALSE	unreg	вольная рифмовка	превалирует перекрестная рифмовка	38	heterodiegetic	TRUE
130	Е. Гребенка	Гребенка Е. П.	Песня	Молода еще девица я была	NA	ОЗ	СПб.	1841	XIX	№11	III	65	per	NA	BP	Х	Х6	reg	мм	rhymed	TRUE	Х6aa	графически 12 и 10 строк	NA	22	homodiegetic	TRUE
131	А. Хомяков	Хомяков А. С.	Суета сует	Когда мы разрыли могилу вождя	NA	Москвитянин	М.	1841	Ч.1	№2	NA	23, 348	per	NA	BP	ПМФ	Ам4+Я3	unreg	ммжммж	rhymed	TRUE	Ам44Я3Ам44Я3aaBccB	шестистишие	цезурн. наращения с троках Я3	30	homodiegetic	FALSE
132	А. Кольцов	Кольцов А. В.	Ночь	Не смотря в лицо	NA	ОЗ	СПб.	1841	XIV	№2	III	250	per	NA	canon	Псл	Псл	reg	unreg	unreg	TRUE	ПслO'B'O'B'	четверостишие	NA	44	homodiegetic	TRUE
133	В. Красов	Красов  В. И.	Король	Король был на острове Фуле	NA	ОЗ	СПб.	1841	XIX	№11	III	65	per	J. W. von Goethe	BP	Ам	Ам3	reg	жмжм	unreg	TRUE	Ам3ObOb	четверостишие	NA	24	heterodiegetic	FALSE
134	В. Красов	Красов  В. И.	Русская песня	Ах ты мать моя, змея-мачеха!	NA	ОЗ	СПб.	1841	XVIII	№9	III	58-59	per	NA	BP	Псл	Псл2	reg	unreg	unrhymed	FALSE	unreg	unreg	NA	22	homodiegetic	FALSE
135	В. Красов	Красов В. И.	Песня	Уж как в ту ли ночь	NA	Москвитянин	М.	1841	Ч.5	№9	NA	11-12	per	NA	BP	Псл	Псл	reg	unreg	unrhymed	FALSE	unreg	unreg	NA	36	heterodiegetic	TRUE
136	А. Кульчицкий	Кульчицкий А. Я.	Из Гейне	Я спокойно, спокойно и сладко дремал	NA	ОЗ	СПб.	1841	XVIII	№10	III	307-308	per	NA	periphery	Ан	Ан43	reg	мммм	unreg	TRUE	Ан43obob	четверостишие	NA	28	homodiegetic	TRUE
137	Н. Огарев	Огарев Н. П.	Nocturno	Как пуст мой деревенский дом	NA	ОЗ	СПб.	1841	XIV	№1	III	46	per	NA	canon	Я	Я43	reg	мжмж	rhymed	TRUE	Я43aBaB	восьмистишие графически	NA	32	homodiegetic	FALSE
138	Ознобишин	Ознобишин Д. П.	Гондольер	Посади меня с собой	NA	ОЗ	СПб.	1841	XV	№4	III	259-261	per	NA	BP	Х	Х443	reg	ммжммж	rhymed	TRUE	Х443443aaBccB	шестистишие	NA	78	heterodiegetic	TRUE
139	Ознобишин	Ознобишин Д. П.	Нардзан	Говорят, Кавказа кущи	Кавказская легенда	Москвитянин	М.	1841	Ч.5	№9	NA	3-6	per	NA	BP	Х	Х443	reg	ммжммж	rhymed	TRUE	Х443443aaBccB	шестистишие	NA	84	heterodiegetic	FALSE
140	К. П–ва	Павлова К. К.	Баллада, 1558 г.	Здравствуй, наш монах печальный!	NA	Москвитянин	М.	1841	Ч.2	№4	NA	20, 300-302	per	NA	canon	Я	Я4	reg	жмжм	rhymed	TRUE	Я4AbAb	катрен	NA	76	heterodiegetic	TRUE
141	К. П–ва	Павлова К. К.	Дочь жида	Томно веют сикоморы	NA	Москвитянин	М.	1841	Ч.6	№11	NA	1-3	per	NA	canon	Х	Х4	reg	жмжм	rhymed	TRUE	Х4AbAb	катрен	NA	44	heterodiegetic	TRUE
142	К. П–ва	Павлова К. К.	Старуха	Не гони неутомимо	NA	Москвитянин	М.	1841	Ч.6	№12	NA	290-293	per	NA	canon	Х	Х4	reg	жмжм	rhymed	FALSE	Х4AbAb	четверостишие	NA	104	heterodiegetic	TRUE
143	П.	Полонский Я. П.	Бэда проповедник	Был вечер. В одежде измятой ветрами	NA	Москвитянин	М.	1841	Ч.2	№4	NA	323-324	per	NA	canon	Ам	Ам4	reg	ж-м	rhymed	TRUE	unreg	вольная рифмовка с холостыми	неравное кол-во строк в строфах	33	heterodiegetic	TRUE
144	Т. Л.	Тургенев И. С.	Баллада	Перед воеводой, молча, он стоит	NA	ОЗ	СПб.	1841	XIX	№12	III	308-309	per	NA	canon	Х	Х6	reg	мм	rhymed	TRUE	Х6aa	двустишие	цезура	26	heterodiegetic	TRUE
145	А. Ф.	Фет А. А.	Стена	На склоне у лона морской глубины	NA	Москвитянин	М.	1842	Ч.3	№5	NA	25	per	NA	canon	Ам	Ам43	reg	мжмж	rhymed	FALSE	Ам43aBaB	четверостишие	NA	20	heterodiegetic	FALSE
147	В. Красов	Красов  В. И.	Ночной товарищ	В чистом поле, что есть силы	NA	ОЗ	СПб.	1842	XXI	№3	I	70	per	NA	BP	Х	Х4	reg	жмжм	rhymed	TRUE	Х4AbAb	катрен	NA	12	homodiegetic	FALSE
148	Н. Огарев	Огарев Н. П.	***	Сидела мать у колыбели	NA	ОЗ	СПб.	1842	XXI	№3	I	102	per	NA	canon	Я	Я4	reg	жмжм	rhymed	TRUE	Я4AbAb	восьмистишие графически	NA	24	homodiegetic	FALSE
149	К. П–ва	Павлова К. К.	Рудокоп	В подземной тьме, в тиши глубокой	NA	Москвитянин	М.	1842	Ч.1	№1	NA	6-12	per	NA	canon	Я	Я4	reg	unreg	unreg	FALSE	Я4AbAb (unreg)	четверостишие + встречаются холостые	NA	236	heterodiegetic	TRUE
150	А. Струговщиков	Струговщиков А. Н.	Любовь Людмилы	Сбиралися тучи и ветр свирипел	NA	ОЗ	СПб.	1842	XXV	№11	I	2	per	"J. C. F. von Schiller ""Des Mädchens Klage"""	BP	Ам	Ам4	reg	мм	rhymed	TRUE	Ам4aa	двустишие	рефрен	26	heterodiegetic	TRUE
151	Т. Л.	Тургенев И. С.	Похищение	Конь мой ржет и бьет копытом	NA	ОЗ	СПб.	1842	XXI	№3	I	66-68	per	NA	canon	Х	Х4	reg	жмжмжжммжж	rhymed	TRUE	Х4AbAbCCddEE	десятистишие	NA	70	homodiegetic	TRUE
152	А. Трисмегистов	Григорьев А. А.	Доброй ночи!	Спи спокойно – доброй ночи!	NA	Москвитянин	М.	1843	Ч.4	№7	NA	5-6	per	NA	canon	Х	Х43	reg	жмжм	rhymed	TRUE	Х43AbAb	восьмистишие графически	NA	32	homodiegetic	FALSE
153	Ф. Миллер	Миллер Ф. Б.	Пират	Видно празднует габара	NA	Москвитянин	М.	1844	Ч.1	№1	NA	24-26	per	F. Freiligrath	BP	Х	Х4	reg	жжжж	rhymed	TRUE	Х4ABAB	катрен	NA	76	heterodiegetic	FALSE
154	К. П–ва	Павлова К. К.	Огонь	Блещет дол оледенелый	NA	Москвитянин	М.	1844	Ч.1	№1	NA	1-3	per	NA	canon	Х	Х4+Х3	reg	жмжм	rhymed	TRUE	Х4AbAb/Х3AbAb	катрен	NA	76	heterodiegetic	TRUE
156	Л. Мей	Мей Л. А.	Волынская дума	В поле широком железом копыт	NA	Москвитянин	М.	1845	Ч.2	№3	NA	15-16	per	NA	canon	Д	Д3	reg	мжмж	rhymed	TRUE	Д3aBaB	катрен	NA	20	heterodiegetic	TRUE
157	Н. Некрасов	Некрасов Н. А.	***	Еду ли ночью по улице темной	NA	Современник	СПб.	1847	V	№9	I	153-154	per	NA	canon	Д	Д4	reg	жмжм	rhymed	FALSE	Д4AbAb	четверостишие	NA	52	homodiegetic	FALSE
158	Н. Некрасов	Некрасов Н. А.	Тройка	Что ты жадно глядишь на дорогу	NA	Современник	СПб.	1847	NA	№1	NA	91-92	per	NA	canon	Ан	Ан3	reg	жмжм	rhymed	TRUE	Ан3AbAb	катрен	NA	48	heterodiegetic	FALSE
160	Ф. Миллер	Миллер Ф. Б.	Погребение разбойника(Из Фрейлиграта)	В носилках похоронных	NA	Москвитянин	М.	1848	Ч.2	№4	NA	258-260	per	NA	BP	Я	Я3	reg	жмжм	rhymed	TRUE	Я3AbAb	восьмистишие графически	NA	72	heterodiegetic	TRUE
162	Л. Мей	Мей Л. А.	Хозяин	В низенькой светелке, с створчатым окном	NA	Москвитянин	М.	1849	Ч.3	№11	VI	43-45	per	NA	canon	Х	Х6	reg	мм	rhymed	FALSE	Х6aa	двустишие	NA	58	heterodiegetic	TRUE
163	В.	Вельтман А. Ф.	Русалки (Картина)	Вод лазоревых жилица	NA	Москвитянин	М.	1849	Ч.5	№17	NA	76	per	NA	BP	ПМК	Х4+проза	reg	жмжм	rhymed	TRUE	Х4AbAb	катрен	NA	16	homodiegetic	FALSE
164	Л. Мей	Мей Л. А.	Русалка	Мечется и плачет, как дитя больное	NA	Москвитянин	М.	1850	Ч.6	№21	III	94-96	per	NA	canon	Х	Х6	reg	жж	rhymed	FALSE	Х6AA	двустишие	NA	68	heterodiegetic	TRUE
165	Бернет Е.	Жуковский А. К.	Русалка	Близ гордого замка, по сонной реке	NA	Невский альбом, издаваемый Николаем Бобылевым. Год второй.	СПб.	1840	NA	NA	NA	140-142	per	NA	BP	ПМК	Ам4+Х4	reg	мммм+жжмжжм	rhymed	TRUE	Ам4aabb+Х4AAbCCb	катрен+шестистишие	NA	50	heterodiegetic	TRUE
166	М. Катков	Катков М. Н.	Гренадиры	Обратно во Францию шли гренадиры	NA	ОЗ	СПб.	1840	VIII	№1	III	32-33	per	H. Heine	periphery	Ам	Ам43	reg	жмжм	rhymed	TRUE	Ам43AbAb	катрен	NA	36	heterodiegetic	TRUE
167	Кукольник	Кукольник Н. В.	Романс	Стой, мой верный, бурный конь	NA	БдЧ	СПб.	1840	XL	NA	I	5-6	per	NA	BP	ПМК	Х43+Я4443	reg	мжмж+ж-м	rhymed	FALSE	Х43aBaB+unreg	четверостишие+вольная римовка	NA	36	mixed	FALSE
168	С. Шевырев	Шевырев С. П.	Тень	Песнь кормилицы умолкла	Баллада барона Мальтица	ОЗ	СПб.	1840	XIII	№11	III	1-4	per	G. A. Maltitz	BP	Х	Х4	reg	жжм	unrhymed	TRUE	Х4OOo	трехстишие	NA	117	heterodiegetic	TRUE
169	С. Степанов	Степанов С.	Пловец	Как ворона крылья, так черные тучи	Романс	БдЧ	СПб.	1840	XXXVIII	NA	I	165-166	per	NA	periphery	ПМК	Ам4+Х4	reg	жжмм+жмжм	rhymed	TRUE	Ам4AAbb+Х4AbAb	катрен	NA	32	heterodiegetic	TRUE
173	П. Ершов	Ершов П. П.	Зимний вечер	Воет ветер, плачут ели	NA	БдЧ	СПб.	1841	XLIV	NA	I	10	per	NA	BP	Х	Х4	reg	жж/мм	rhymed	FALSE	Х4AA/bb	четверостишие	NA	28	homodiegetic	FALSE
174	А. С.	[А. С.]	Приглашение	Только месяц золотой	NA	Москвитянин	М.	1842	Ч.4	№7	I	4-5	per	NA	periphery	Х	Х4	reg	ммжжммжжмжжм	rhymed	TRUE	Х4aaBBccDDeFFe	двенадцатистишие	NA	35	homodiegetic	FALSE
175	Э.	[Э.]	Разбойник	Тенист и прохладен брайнгельский лесок	Баллада Вальтера Скотта	ОЗ	СПб.	1842	XXV	№11	I	67-68	per	W. Scott	periphery	Ам	Ам4	reg	ммжж	rhymed	TRUE	Ам4aaBB	катрен	NA	44	heterodiegetic	TRUE
176	Самурский	[Самурский]	Ночные пловцы	Нам весело плыть, нам светит луна	NA	ОЗ	СПб.	1842	XXIII	№8	I	285	per	NA	periphery	Ам	Ам4	unreg	мжмжмжжммм	rhymed	TRUE	Ам4aBaBcDDcee	десятистишие	рефрен в конце первых двух строф	30	heterodiegetic	TRUE
177	К. Александров	Александров К.	Дон Рамиро	Донья Клара! Донья Клара!	NA	ОЗ	СПб.	1843	XXIX	№8	I	173-176	per	H. Heine	periphery	Х	Х4	reg	жжжж	unrhymed	TRUE	Ам4OOOO	четверостишие	NA	164	heterodiegetic	TRUE
178	Ф. Миллер	Миллер Ф. Б.	Из Гейне	Девица уснула в темнице	NA	Москвитянин	М.	1843	Ч.5	№10	I	290-291	per	H. Heine	BP	Ам	Ам3	reg	жмжм	unreg	TRUE	Ам4ObOb	четверостишие	NA	20	heterodiegetic	TRUE
180	М. Лихонин	Лихонин М. Н.	Романсы о пирате	Как на палубе Габарры	NA	Москвитянин	М.	1844	Ч.3	№6	I	191-194	per	F. Freiligrath	periphery	Х	Х4	reg	жжжж	rhymed	TRUE	Х4ABAB	катрен	NA	76	heterodiegetic	TRUE
182	Н. Сушков	Сушков Н. В.	Сны и толки	В стары годы стиходей	Баллада. Посвящается В. А. Жуковскому	Москвитянин	М.	1844	Ч.4	№8	NA	189-204	per	NA	periphery	Х	Х43	reg	мжмж	rhymed	FALSE	Х43aBaB	четверостишие	NA	408	heterodiegetic	TRUE
183	Ю. Ж.	Жадовская Ю. В.	Водяной	Там, где на реке	NA	Москвитянин	М.	1844	Ч.3	№6	NA	194	per	NA	BP	Х	Х3	reg	unreg	unrhymed	FALSE	unreg	unreg	NA	21	homodiegetic	FALSE
184	С. Астрожников	Астрожников С.	Русалка	Из синих волн Днепра, в урочные часы	NA	БдЧ	СПб.	1845	LXXI	№8	I	72-73	per	NA	periphery	Я	Я6	reg	м-ж	rhymed	FALSE	unreg	вольная рифмовка	NA	16	heterodiegetic	FALSE
189	Ф. Миллер	Миллер Ф. Б.	Под пальмами	Меж кустов мелькают космы; бой кипит в глуши лесной	NA	Москвитянин	М.	1846	Ч.6	№11-12	NA	9-10	per	F. Freiligrath	BP	Х	Х8	reg	ммжж	rhymed	TRUE	Х8aaBB	катрен	цезура	24	heterodiegetic	FALSE
190	Ф. Миллер	Миллер Ф. Б.	Заклятие скальда	Стоял когда-то замок, угрюмый великан	Баллада	Москвитянин	М.	1846	Ч.4	№7	NA	13-14	per	NA	BP	Я	Я6	reg	мммм	rhymed	TRUE	Я6aabb	катрен	цезура	64	heterodiegetic	TRUE
191	Ф. Миллер	Миллер Ф. Б.	Мщение цветов	На подушках, на пуховых	NA	Москвитянин	М.	1846	Ч.1	№2	NA	29-31	per	F. Freiligrath	BP	Х	Х4	reg	жжжж	unreg	TRUE	Х4ABAB(unreg)	катрен	с отступлениями от рифмовки в нечетных	80	heterodiegetic	TRUE
192	Ф. Миллер	Миллер Ф. Б.	Дары Клефта	Возвратился Клефт с кровавой битвы	NA	Москвитянин	М.	1846	Ч.5	№9-10	NA	3	per	A. Grün	BP	Х	Х5	reg	ж	unrhymed	FALSE	unreg	unreg	NA	28	heterodiegetic	TRUE
193	Н. Берг	Берг Н. В.	Измена друга (С Шведского)	Прибежала дева рано	NA	Москвитянин	М.	1848	Ч.1	№2	NA	99-100	per	NA	BP	Х	Х4	reg	жжжж	rhymed	TRUE	Х4ABAB	катрен	NA	28	heterodiegetic	TRUE
195	Ф. Миллер	Миллер Ф. Б.	Из Гейне	Как ты можешь спать спокойно	NA	Москвитянин	М.	1848	Ч.1	№2	NA	102	per	H. Heine	BP	Х	Х4	reg	жмжм	unreg	TRUE	Х4ObOb	четверостишие	NA	12	homodiegetic	TRUE
196	Ф. Миллер	Миллер Ф. Б.	Из Гейне	Прохлады живительной полный	NA	Москвитянин	М.	1848	Ч.2	№3	NA	47	per	H. Heine	BP	Ам	Ам3	reg	жмжм	rhymed	TRUE	Ам3AbAb	катрен	NA	32	homodiegetic	TRUE
197	Ф. Миллер	Миллер Ф. Б.	Горные идиллии	На горе, в избушке бедной	NA	Москвитянин	М.	1848	Ч.5	№9	NA	1-7	per	H. Heine	BP	Х	Х4	reg	жмжм	unreg	TRUE	Х4ObOb	четверостишие	NA	140	homodiegetic	TRUE
198	Ф. Миллер	Миллер Ф. Б.	Русалка	Один по Днепру, по широкой реке	NA	Москвитянин	М.	1848	Ч.4	№7	NA	46-48	per	NA	BP	Ам	Ам4	reg	ммжж	rhymed	TRUE	Ам4aaBB	катрен	NA	56	heterodiegetic	TRUE
199	А. П.	[А. П.]	***	Каждый день	NA	Москвитянин	М.	1850	Ч.7	№22	II	35-36	per	"в составе повести ""Сестра Мария"" (Голландское происшествие) Mme D'A. Une histoire hollandaise mai 1850 Revue de Deux Mondes"	periphery	Х	Х25552	reg	м-ж	unreg	TRUE	unreg	unreg	NA	50	heterodiegetic	TRUE
200	Мих. Дмитриев	Дмитриев М. А.	Золото	Кто в бурю меж скалами	Из баллад Фогля	Москвитянин	М.	1850	Ч.1	№3	I	265-266	per	J. N. Vogl	BP	Ам	Ам3	reg	жмжм	unreg	TRUE	Ам3ObOb	четверостишие	NA	48	heterodiegetic	TRUE
201	А. С. Хомяков	Хомяков А. С.	Стихотворение в честь Фанни Эльснер	На сцене Жизель так мила, что привета	NA	Москвитянин	М.	1850	Ч.3	№11	VI	88-90	per	NA	BP	Ам	Ам43	reg	жмжм	rhymed	TRUE	Ам43AbAb	катрен	NA	56	heterodiegetic	FALSE
202	Я. Полонский	Полонский Я. П.	Качка в бурю	Гром и шум, корабль качает	NA	БдЧ	СПб.	1850	CIV	№11	I	9-11	per	NA	canon	Х	Х4	reg	жмжм	rhymed	TRUE	Х4AbAb	катрен	NA	44	homodiegetic	TRUE
204	Николай Некрасов	Некрасов Н. А.	Огородник	Не гулял с кистенём я в дремучем лесу	NA	ОЗ	СПб.	1846	XLV	№4	I	401-402	per	NA	canon	Ан	Ан4	reg	мммм	rhymed	TRUE	Ан4abab	катрен	NA	64	homodiegetic	TRUE
205	Н. Прокопович	Прокопович Н. Я.	Граф Конрад и его жена	Рыцарь! Солнце взошло	Баллада	Современник	СПб.	1840	XIX	NA	V	164-173	per	NA	periphery	Ан	Ан334334	reg	ммжммж	rhymed	TRUE	Ан334334aaBccB	шестистишие	NA	210	heterodiegetic	TRUE
206	Красногорский	Толстой А. К.	***	Как филин поймал летучую мышь	NA	Упырь. Сочинение Красногорского	СПб.	1841	NA	NA	NA	31	col	NA	canon	Ам	Ам434344	unreg	мжмжмм	unreg	TRUE	Ам434344oBoBcc	шестистишие	NA	48	heterodiegetic	TRUE
207	NA	Миллер Ф. Б.	Порука	К Дионисию Мёрос тайком подходил	баллада	Стихотворения Ф. Миллера. 1841-1848	М.	1849	NA	NA	NA	23-29	col	J. C. F. von Schiller	BP	Ам	Ам4334433	unreg	мжжммжж	rhymed	TRUE	Ам4334433aBBaaCC	шестистишие	NA	140	heterodiegetic	TRUE
208	NA	Миллер Ф. Б.	Мавританский князь	Дружину свою снарядил он на бой	баллада	Стихотворения Ф. Миллера. 1841-1849	М.	1849	NA	NA	NA	68-72	col	F. Freiligrath	BP	Ам	Ам4	reg	мммм	rhymed	TRUE	Ам4aabb	катрен	NA	80	heterodiegetic	TRUE
209	NA	Миллер Ф. Б.	Воздушный караван	Поздно ночью мы лежали на земле, среди равнины	NA	Стихотворения Ф. Миллера. 1841-1850	М.	1849	NA	NA	NA	83-87	col	F. Freiligrath	BP	Х	Х8	reg	жжжж	rhymed	TRUE	Х8AABB	катрен	NA	40	homodiegetic	TRUE
210	NA	Миллер Ф. Б.	Ива	Хорошо в саду тенистом	баллада	Стихотворения Ф. Миллера. 1841-1851	М.	1849	NA	NA	NA	133-137	col	A. Grün	BP	Х	Х4	reg	жжмжжм	rhymed	TRUE	Х4AAbCCb	шестистишие	NA	84	heterodiegetic	TRUE
211	NA	Некрасов Н. А.	В дороге	Скучно! скучно!.. Ямщик удалой	NA	Петербургский сборник, изданный Н. Некрасовым	СПб.	1846	NA	NA	NA	505-507	col	NA	canon	Ан	Ан3	reg	м-ж	unreg	FALSE	unreg	вольная рифмовка	NA	83	homodiegetic	TRUE
212	NA	Некрасов Н. А.	Колыбельная песня (подражание Леромонтову)	Спи, пострел, пока безвредный!	NA	Петербургский сборник, изданный Н. Некрасовым	СПб.	1847	NA	NA	NA	510-511	col	NA	canon	Х	Х43	reg	жмжмжмжм	rhymed	TRUE	Х43AbAbCdCd	шестистишие	NA	48	homodiegetic	TRUE
